responderid,respondername,password,email,phonenumber,respondertype,address
1,台北市消防局華山分隊,,,0223412668,FireAgency,台北市中正區北平東路1號 
2,台北市消防局泉州分隊,,,0223374679,FireAgency,台北市中正區泉州街40號
3,台北市消防局城中分隊,,,0223812839,FireAgency,台北市中正區忠孝西路1段86號 
4,台北市消防局忠孝分隊,,,0223516396,FireAgency,台北市中正區忠孝東路2段8號 
5,台北市消防局古亭分隊,,,0223633293,FireAgency,台北市大安區基隆路4段156號
6,台北市消防局雙園分隊,,,0223053374,FireAgency,台北市萬華區西藏路213之1號
7,台北市消防局龍山分隊,,,0223122496,FireAgency,台北市萬華區桂林路137號 
8,台北市消防局萬芳分隊,,,0222305720,FireAgency,台北市文山區萬美街1段52號
9,台北市消防局木柵分隊,,,0229391604,FireAgency,台北市文山區木柵路2段200號 
10,台北市消防局景美分隊,,,0229311405,FireAgency,台北市文山區景文街30號
11,台北市消防局寶橋分隊,,,0229395140,FireAgency,台北市文山區樟新街2號
12,台北市消防局金華分隊,,,0223917653,FireAgency,台北市大安區愛國東路79巷13號
13,台北市消防局安和分隊,,,0227094191,FireAgency,台北市大安區安和路2段2號 
14,台北市消防局復興分隊,,,0227067965,FireAgency,台北市大安區復興南路二段92號
15,台北市消防局南港分隊,,,0227837757,FireAgency,台北市南港區興中路6號
16,台北市消防局舊莊分隊,,,0227831453,FireAgency,台北市南港區研究院路2段86號
17,台北市消防局 成德分隊,,,0226518983,FireAgency,台北市南港區東新街63巷11號
18,台北市消防局信義分隊,,,0227588864,FireAgency,台北市信義區松仁路1號
19,台北市消防局永吉分隊,,,0227675126,FireAgency,台北市信義區永吉路48號
20,台北市消防局莊敬分隊,,,0227581575,FireAgency,台北市信義區松智路40號1樓
21,台北市消防局大直分隊,,,0285026151,FireAgency,台北市中山區樂群二路143號
22,台北市消防局松江分隊,,,0225178353,FireAgency,台北市中山區松江路25巷9號
23,台北市消防局圓山分隊,,,0225913384,FireAgency,台北市中山區民族東路41號
24,台北市消防局建國分隊,,,0225017795,FireAgency,台北市中山區民族東路282號
25,台北市消防局八德分隊,,,0227694642,FireAgency,台北市八德路4段162號
26,台北市消防局中崙分隊,,,0287737055,FireAgency,台北市松山區長安東路2段229號
27,台北市消防局東湖分隊,,,0226325393,FireAgency,台北市內湖區五分街8號
28,台北市消防局大湖分隊,,,0227906455,FireAgency,台北市內湖區成功路5段5號
29,台北市消防局內湖分隊,,,0227911511,FireAgency,台北市內湖區成功路2段378號
30,台北市消防局民權分隊,,,0227906940,FireAgency,台北市民權東路6段9號3樓
31,台北市消防局建成分隊,,,0225593748,FireAgency,台北市大同區承德路2段35號
32,台北市消防局延平分隊,,,0225582105,FireAgency,台北市大同區鄭州路109號 
33,台北市消防局大同分隊,,,0225577233,FireAgency,台北市大同區重慶北路二段223號
34,台北市消防局山仔后分隊,,,0228616431,FireAgency,台北市士林區仰德大道4段161號
35,台北市消防局天母分隊,,,0228714111,FireAgency,台北市士林區中山北路7段194號
36,台北市消防局福安分隊,,,0228108454,FireAgency,台北市士林區延平北路7段42-7號
37,台北市消防局社子分隊,,,0228118221,FireAgency,台北市士林區延平北路5段2之1號
38,台北市消防局劍潭分隊,,,0228813019,FireAgency,台北市士林區中山北路5段376號
39,台北市消防局雙溪分隊,,,0288611296,FireAgency,台北市士林區至善路2段41號
40,台北市消防局後港分隊,,,0228816775,FireAgency,台北市士林區福港街153號
41,台北市消防局陽明山分隊,,,0228616119,FireAgency,台北市北投區勝利街1之2號
42,台北市消防局光明分隊,,,0228913161,FireAgency,台北市北投區光明路155號
43,台北市消防局關渡分隊,,,0228586084,FireAgency,台北市北投區知行路345號
44,台北市消防局石牌分隊,,,0228213119,FireAgency,台北市北投區石牌路2段101號
45,台北市消防局秀山分隊,,,0228958753,FireAgency,台北市北投區秀山路50號
46,新北市消防局局本部,,,0289519119,FireAgency,新北市板橋區南雅南路二段15號
47,新北市消防局第一大隊大隊部,,,0222528119,FireAgency,新北市板橋區莒光路161號3樓
48,新北市消防局第一大隊板橋中隊,,,0229554614,FireAgency,新北市板橋區重慶路293號6樓
49,新北市消防局第一大隊莒光,,,0222515614,FireAgency,新北市板橋區莒光路161號1樓
50,新北市消防局第一大隊新板,,,0229557119,FireAgency,新北市板橋區民族路57號
51,新北市消防局第一大隊大觀,,,0229666144,FireAgency,新北市板橋區大觀路一段38巷臨1-3號
52,新北市消防局第一大隊海山,,,0222596285,FireAgency,新北市板橋區英士路151號
53,新北市消防局第一大隊民生,,,0229563260,FireAgency,新北市板橋區民生路二段臨56-2號
54,新北市消防局第一大隊溪崑,,,0226878815,FireAgency,新北市板橋區篤行路二段135號
55,新北市消防局第二大隊大隊部,,,0229985958,FireAgency,新北市新莊區中正路170號5樓
56,新北市消防局第二大隊新莊中隊,,,0285217645,FireAgency,新北市新莊區中原路512號4樓
57,新北市消防局第二大隊五泰林中隊,,,0285317302,FireAgency,新北市泰山區明志路二段188號3樓
58,新北市消防局第二大隊五工,,,0289903673,FireAgency,新北市新莊區五工路97巷5號
59,新北市消防局第二大隊裕民,,,0229022119,FireAgency,新北市新莊區裕民街136號
60,新北市消防局第二大隊福營,,,0229032119,FireAgency,新北市新莊區福營路279號
61,新北市消防局第二大隊新莊,,,0229924050,FireAgency,新北市新莊區中正路170號1樓
62,新北市消防局第二大隊中港,,,0285216119,FireAgency,新北市新莊區中原路512號
63,新北市消防局第二大隊頭前,,,0229922259,FireAgency,新北市新莊區幸福東路7號
64,新北市消防局第二大隊五股,,,0222921119,FireAgency,新北市五股區工商路1號
65,新北市消防局第二大隊更寮,,,0229884119,FireAgency,新北市五股區中興路二段83巷26-6號
66,新北市消防局第二大隊泰山,,,0222962640,FireAgency,新北市泰山區明志路二段188號
67,新北市消防局第二大隊林口,,,0226011166,FireAgency,新北市林口區西林里中山路137號
68,新北市消防局第二大隊文化,,,0226089803,FireAgency,新北市林口區文化三路1段302號
69,新北市消防局第三大隊大隊部,,,0282859119,FireAgency,新北市蘆洲區長榮路792號6樓
70,新北市消防局第三大隊三重中隊,,,0229951119,FireAgency,新北市三重區中興北街225號
71,新北市消防局第三大隊蘆洲中隊,,,0282852132,FireAgency,新北市蘆洲區中山一路415號5樓
72,新北市消防局第三大隊淡水中隊,,,0226259037,FireAgency,新北市淡水區中正東路一段125號
73,新北市消防局第三大隊三重,,,0229750105,FireAgency,新北市三重區正義南路107號2樓
74,新北市消防局第三大隊鷺江,,,0222858100,FireAgency,新北市蘆洲區長榮路792號
75,新北市消防局第三大隊蘆洲,,,0222821119,FireAgency,新北市蘆洲區中山一路415號
76,新北市消防局第三大隊重陽,,,0229889009,FireAgency,新北市三重區重陽路一段123號
77,新北市消防局第三大隊二重,,,0229959720,FireAgency,新北市三重區中興北街225號
78,新北市消防局第三大隊八里,,,0226102718,FireAgency,新北市八里區中山路二段76號
79,新北市消防局第三大隊龍源,,,0226181730,FireAgency,新北市八里區龍源里龍米路一段225號
80,新北市消防局第三大隊淡水,,,0226210140,FireAgency,新北市淡水區新生街29號
81,新北市消防局第三大隊竹圍,,,0226290366,FireAgency,新北市淡水區中正東路一段125號
82,新北市消防局第三大隊三芝,,,0226362457,FireAgency,新北市三芝區埔頭里中山路一段10號
83,新北市消防局第三大隊滬尾,,,0226263961,FireAgency,新北市淡水區中正路207號
84,新北市消防局第四大隊大隊部,,,0229110163,FireAgency,新北市新店區北新路一段98號5樓
85,新北市消防局第四大隊新店中隊,,,0222141139,FireAgency,新北市新店區安康路三段2號4樓
86,新北市消防局第四大隊文山中隊,,,0226644220,FireAgency,新北市深坑區文山路1段35號4樓
87,新北市消防局第四大隊深坑,,,0226621115,FireAgency,新北市深坑區文山路1段35號1樓
88,新北市消防局第四大隊新店,,,0229117947,FireAgency,新北市新店區北新路1段98號
89,新北市消防局第四大隊直潭,,,0226660170,FireAgency,新北市新店區直潭十街25號
90,新北市消防局第四大隊安康,,,0222141860,FireAgency,新北市新店區安康路三段2號
91,新北市消防局第四大隊安和,,,0229486936,FireAgency,新北市新店區安和路3段3號
92,新北市消防局第四大隊石碇,,,0226632234,FireAgency,新北市石碇區碇坪路1段81號
93,新北市消防局第四大隊坪林,,,0226656119,FireAgency,新北市坪林區坪碇路6號2樓
94,新北市消防局第四大隊雪山,,,0226658330,FireAgency,新北市坪林區坪雙路1段56號
95,新北市消防局第四大隊烏來,,,0226616187,FireAgency,新北市烏來區烏來里環山路51號
96,新北市消防局第五大隊大隊部,,,0286713380,FireAgency,新北市三峽區隆恩街249號4樓
97,新北市消防局第五大隊三鶯中隊,,,0235012380,FireAgency,新北市三峽區隆恩街247號3樓
98,新北市消防局第五大隊樹林中隊,,,0286859790,FireAgency,新北市樹林區環漢路5段50號4樓
99,新北市消防局第五大隊土城中隊,,,0222602524,FireAgency,新北市土城區金城路1段90號3樓
100,新北市消防局第五大隊三峽,,,0226711119,FireAgency,新北市三峽區中正路1段46號
101,新北市消防局第五大隊隆恩,,,0226747927,FireAgency,新北市三峽區隆恩街247號
102,新北市消防局第五大隊清水,,,0222615281,FireAgency,新北市土城區青雲路35號
103,新北市消防局第五大隊頂埔,,,0222681574,FireAgency,新北市土城區中興路10號
104,新北市消防局第五大隊樹潭,,,0226822119,FireAgency,新北市樹林區俊保路160號
105,新北市消防局第五大隊柑園,,,0226802134,FireAgency,新北市樹林區柑園街一段60號
106,新北市消防局第五大隊鶯歌,,,0226792082,FireAgency,新北市鶯歌區建國路420號
107,新北市消防局第五大隊鳳鳴,,,0286774275,FireAgency,新北市鶯歌區鳳鳴路162號
108,新北市消防局第六大隊大隊部,,,0226947119,FireAgency,新北市汐止區福德一路236號6樓
109,新北市消防局第六大隊瑞芳中隊,,,0224971600,FireAgency,新北市瑞芳區中正路30號2樓
110,新北市消防局第六大隊社后,,,0286931911,FireAgency,新北市汐止區福德一路236號
111,新北市消防局第六大隊汐止,,,0226413249,FireAgency,新北市汐止區大同路三段469號
112,新北市消防局第六大隊長青,,,0226451334,FireAgency,新北市汐止區永春一路4號
113,新北市消防局第六大隊橫科,,,0226600623,FireAgency,新北市汐止區橫科路119號
114,新北市消防局第六大隊瑞亭,,,0224578174,FireAgency,新北市瑞芳區大埔路176號
115,新北市消防局第六大隊九份,,,0224061500,FireAgency,新北市瑞芳區崙頂路1-5號
116,新北市消防局第六大隊金山,,,0224982519,FireAgency,新北市金山區南勢54號
117,新北市消防局第六大隊石門,,,0226381619,FireAgency,新北市石門區中山路64-1號
118,新北市消防局第六大隊萬里,,,0224922739,FireAgency,新北市萬里區瑪鋉路223號
119,新北市消防局第六大隊雙溪,,,0224931314,FireAgency,新北市雙溪區共和里中山路45號
120,新北市消防局第六大隊貢寮,,,0224941314,FireAgency,新北市貢寮區東興街2號
121,新北市消防局第六大隊平溪,,,0224951119,FireAgency,新北市平溪區靜安路二段289號
122,新北市消防局第六大隊保長,,,0286485736,FireAgency,新北市汐止區大同路三段469號
123,新北市消防局第七大隊中和中隊,,,0222311575,FireAgency,新北市中和區中山路二段64巷11號
124,新北市消防局第七大隊永和,,,0229214784,FireAgency,新北市永和區警光街1-1號
125,新北市消防局第七大隊永利,,,0229280206,FireAgency,新北市永和區永利路72-1號
126,新北市消防局第七大隊永平,,,0232335119,FireAgency,新北市永和區環河西路二段177-1號1樓
127,新北市消防局第七大隊中和,,,0222491819,FireAgency,新北市中和區中山路二段64巷11號
128,新北市消防局第七大隊員山,,,0222259418,FireAgency,新北市中和區中正路1163號
129,新北市消防局第七大隊南勢,,,0229440056,FireAgency,新北市中和區南山路236號
130,新北市消防局第七大隊國光,,,0289513511,FireAgency,新北市中和區莒光路170號
131,新北市消防局特搜大隊大隊部,,,0289513513,FireAgency,新北市板橋區南雅南路二段15號
132,新北市消防局特搜大隊南雅,,,0289513518,FireAgency,新北市板橋區南雅南路二段15號
133,新北市消防局特搜大隊慈福,,,0228575564,FireAgency,新北市三重區溪尾街301號
134,新北市消防局特搜大隊德音,,,0222912363,FireAgency,新北市五股區明德路8號
135,新北市消防局特搜大隊秀峰,,,0226412052,FireAgency,新北市汐止區忠孝東路1-1號
136,新北市消防局特搜大隊大埔,,,0226732936,FireAgency,新北市三峽區中正路2段492號
137,寧夏派出所,,,0225575011,Police,臺北市大同區錦西街200號
138,延平派出所,,,0225564340,Police,臺北市大同區延平北路1段86號
139,建成派出所,,,0225585463,Police,臺北市大同區承德路1段80號
140,民族路派出所,,,0225926204,Police,臺北市大同區重慶北路3段168號
141,民生西路派出所,,,0225538587,Police,臺北市大同區保安街47-1號
142,重慶北路派出所,,,0225910370,Police,臺北市大同區重慶北路3段320之2號
143,龍山派出所,,,0223314823,Police,臺北市萬華區桂林路135號
144,康定路派出所,,,0223064226,Police,臺北市和平西路三段112號
145,東園街派出所,,,0223033247,Police,臺北市長泰街130號
146,西園路派出所,,,0223091238,Police,臺北市東園街17號
147,大理街派出所,,,0223063468,Police,臺北市大理街99號
148,華江派出所,,,0223061531,Police,臺北市環河南路二段196號
149,莒光派出所,,,0223064987,Police,臺北市莒光路171號
150,西門町派出所,,,0223312212,Police,臺北市萬華區康定路22號
151,青年路派出所,,,0223054219,Police,臺北市萬大路423巷114號
152,中山一派出所,,,0225111499,Police,臺北市中山區中山北路1段110號
153,中山二派出所,,,0225412002,Police,臺北市中山區中山北路2段59巷21號2樓之4
154,圓山派出所,,,0225942750,Police,臺北市中山區中山北路3段62號
155,長春路派出所,,,0225010644,Police,臺北市中山區長春路206號
156,長安東路派出所,,,0227711932,Police,臺北市中山區長安東路2段165號
157,民權一派出所,,,0225314671,Police,臺北市中山區新生北路二段127-1號
158,建國派出所,,,0225091990,Police,臺北市中山區行孝里民族東路284號
159,大直派出所,,,0225332984,Police,臺北市中山區北安路456號
160,和平東路派出所,,,0223218073,Police,臺北市大安區和平東路1段143號
161,安和路派出所,,,0227025232,Police,臺北市大安區信義路4段216號
162,敦化南路派出所,,,0227710400,Police,臺北市大安區復興南路1段219之1號
163,新生南路派出所,,,0223258611,Police,臺北市大安區仁愛路3段18號
164,瑞安街派出所,,,0227054164,Police,臺北市大安區瑞安街23巷17號
165,羅斯福路派出所,,,0227355761,Police,臺北市大安區羅斯福路4段113巷13號
166,臥龍街派出所,,,0227334439,Police,臺北市大安區臥龍街185號
167,仁愛路派出所,,,0223212067,Police,臺北市中正區仁愛路1段19號
168,介壽路派出所,,,0223113081,Police,臺北市中正區公園路54號
169,博愛路派出所,,,0223118175,Police,臺北市中正區武昌街一段69號
170,忠孝東路派出所,,,0223218656,Police,臺北市中正區忠孝東路2段10號
171,忠孝西路派出所,,,0223142722,Police,臺北市中正區公園路15號
172,廈門街派出所,,,0223684427,Police,臺北市廈門街43號
173,思源街派出所,,,0223650844,Police,臺北市汀州路三段72號
174,泉州街派出所,,,0223039915,Police,臺北市中華路二段503號
175,南昌路派出所,,,0223218148,Police,臺北市南昌路一段7號
176,南海路派出所,,,0223752835,Police,臺北市南海路35號
177,三民派出所,,,0227621708,Police,臺北市松山區民生東路5段163之1號
178,中崙派出所,,,0225790718,Police,臺北市松山區南京東路四段12號
179,東社派出所,,,0227135253,Police,臺北市松山區敦化北路199巷5之1號
180,松山派出所,,,0227670446,Police,臺北市松山區八德路4段692號
181,民有派出所,,,0227123638,Police,臺北市松山區民權東路3段162號
182,三張犁派出所,,,0227295561,Police,臺北市信義區信義路五段17號
183,五分埔派出所,,,0227653349,Police,臺北市信義區永吉路333號
184,六張犁派出所,,,0227355068,Police,臺北市信義區基隆路2段131-22號
185,吳興街派出所,,,0227398997,Police,臺北市信義區吳興街262號
186,福德街派出所,,,0227273424,Police,臺北市信義區福德街86號
187,天母派出所,,,0228714110,Police,臺北市士林區中山北路7段192號
188,山仔后派出所,,,0228611295,Police,臺北市士林區格致路39號
189,後港派出所,,,0228829373,Police,臺北市士林區福港街151號
190,文林派出所,,,0228812211,Police,臺北市士林區文林路235號
191,永福派出所,,,0228616353,Police,臺北市士林區仰德大道2段2巷5號
192,溪山派出所,,,0228411110,Police,臺北市士林區至善路3段263號
193,社子派出所,,,0228122720,Police,臺北市士林區延平北路6段200號
194,翠山派出所,,,0228411423,Police,臺北市士林區中社路1段56號
195,芝山岩派出所,,,0228813194,Police,臺北市士林區仰德大道1段16號
196,蘭雅派出所,,,0228315001,Police,臺北市士林區中山北路6段153號1樓
197,光明派出所,,,0228912047,Police,臺北市北投區泉源路14號
198,公園派出所,,,0228610145,Police,臺北市北投區紗帽路110號
199,大屯派出所,,,0228913971,Police,臺北市北投區中和街534號
200,奇岩派出所,,,0228913531,Police,臺北市北投區公館路209巷11號
201,永明派出所,,,0228213110,Police,臺北市北投區石牌路2段101號
202,石牌派出所,,,0228231513,Police,臺北市北投區文林北路296號
203,竹子湖派出所,,,0228616082,Police,臺北市北投區竹子湖路16號
204,長安派出所,,,0228912029,Police,臺北市北投區中央北路1段1號
205,關渡派出所,,,0228583864,Police,臺北市北投區大度路3段305號
206,木柵派出所,,,0229397141,Police,臺北市文山區木柵路二段202號
207,木新派出所,,,0229372488,Police,臺北市文山區恆光街45號
208,復興派出所,,,0222367140,Police,臺北市文山區木柵路一段54號
209,指南派出所,,,0229382712,Police,臺北市文山區指南路二段177號
210,萬芳派出所,,,0222391753,Police,臺北市文山區萬美街一段50號
211,景美派出所,,,0229313459,Police,臺北市景中街2號
212,興隆派出所,,,0229313842,Police,臺北市興隆路二段156號
213,萬盛派出所,,,0229312502,Police,臺北市羅斯福路五段151號
214,內湖派出所,,,0227931031,Police,臺北市內湖路二段261號
215,潭美派出所,,,0227917233,Police,臺北市新明路324號
216,西湖派出所,,,0227987505,Police,臺北市瑞光路515號
217,大湖派出所,,,0227909521,Police,臺北市成功路五段1號
218,文德派出所,,,0227944946,Police,臺北市民權東路六段26號
219,東湖派出所,,,0226313350,Police,臺北市五分街10號
220,康樂派出所,,,0226342237,Police,臺北市康樂街110巷16弄20號
221,康寧派出所,,,0287920061,Police,臺北市金湖路83號
222,港墘派出所,,,0287518690,Police,臺北市內湖路一段550號
223,三重分局,,,0289818900,Police,新北市三重區重新路三段147號
224,泰山分駐所,,,0229097947,Police,新北市泰山區泰林路二段214號
225,明志派出所,,,0229069881,Police,新北市泰山區明志路2段426號
226,林口派出所,,,0226011630,Police,新北市林口區中正路102號
227,文化派出所,,,0226095766,Police,新北市林口區麗園一街5號
228,忠孝派出所,,,0226087165,Police,新北市林口區忠孝二路57號
229,下福派出所,,,0226062835,Police,新北市林口區下福里下福99之1號
230,瑞平派出所,,,0226052724,Police,新北市林口區瑞平里10鄰44號
231,板橋分局,,,0229699512,Police,新北市板橋區文化路1段52號
232,板橋派出所,,,0229699446,Police,新北市板橋區北門街17號
233,後埔派出所,,,0229615964,Police,新北市板橋區成都街22號
234,信義派出所,,,0229592317,Police,新北市板橋區廣權路28號
235,大觀派出所,,,0222752477,Police,新北市板橋區大觀路2段127號
236,沙崙派出所,,,0226812741,Police,新北市板橋區溪北路111號
237,海山分局,,,0229640322,Police,新北市板橋區漢生東路195號
238,埔墘派出所,,,0229558223,Police,新北市板橋區中山路2段286號
239,海山派出所,,,0229574370,Police,新北市板橋區漢生東路195號
240,新海派出所,,,0222586867,Police,新北市板橋區英士路151號
241,文聖派出所,,,0222583956,Police,新北市板橋區大同街14號
242,江翠派出所,,,0222512588,Police,新北市板橋區吳鳳路50巷36號
243,中和分局,,,0222498950,Police,新北市中和區圓通路30號
244,中和派出所,,,0222489683,Police,新北市中和區中和路102之1號
245,安平派出所,,,0229264139,Police,新北市中和區中安街175號
246,秀山派出所,,,0229402114,Police,新北市中和區成功路139號
247,南勢派出所,,,0229419445,Police,新北市中和區南山路322號
248,景安派出所,,,0222436955,Police,新北市中和區復興路276號
249,員山派出所,,,0222237295,Police,新北市中和區員山路235巷1號
250,積穗派出所,,,0222268955,Police,新北市中和區員山路471號
251,國光派出所,,,0229553199,Police,新北市中和區莒光路168號
252,錦和派出所,,,0222482551,Police,新北市中和區安邦街20號
253,中原派出所,,,0222213029,Police,新北市中和區立德街60號
254,永和分局,,,0229213119,Police,新北市永和區竹林路198號
255,中正橋派出所,,,0229215119,Police,新北市永和區永和路2段303號
256,永和派出所,,,0229214229,Police,新北市永和區安樂路344號
257,秀朗派出所,,,0229251130,Police,新北市永和區永利路73號
258,得和派出所,,,0229451969,Police,新北市永和區民權路51號
259,新生派出所,,,0229217119,Police,新北市永和區仁愛路187號
260,新店分局,,,0229111170,Police,新北市新店區北新路一段86號
261,安康派出所,,,0222121173,Police,新北市新店區安康路2段70號
262,安和派出所,,,0229467780,Police,新北市新店區安和路3段1號
263,直潭派出所,,,0226667324,Police,新北市新店區直潭十街27號
264,青潭派出所,,,0222171146,Police,新北市新店區北宜路2段417號
265,頂城派出所,,,0222118023,Police,新北市新店區碧潭路75號3樓
266,碧潭派出所,,,0229171178,Police,新北市新店區北新路1段86號
267,龜山派出所,,,0226667560,Police,新北市新店區新烏路3段152號
268,雙城派出所,,,0222159265,Police,新北市新店區安康路3段209號
269,石嘈派出所,,,0226656343,Police,新北市坪林區北宜路9段6號
270,金溪派出所,,,0226656487,Police,新北市坪林區粗窟里金瓜寮23之1號
271,漁光派出所,,,0226656910,Police,新北市坪林區漁光里大舌湖24號
272,坪林分駐所,,,0226656281,Police,新北市坪林區坪林街106號
273,闊瀨派出所,,,0226657041,Police,新北市坪林區坪雙路3段6號
274,深坑分駐所,,,0226621658,Police,新北市深坑區平埔街16號
275,石碇分駐所,,,0226631240,Police,新北市石碇區碇坪路一段79號
276,中民派出所,,,0226631254,Police,新北市石碇區靜安路1段236號
277,碧山派出所,,,0226651835,Police,新北市石碇區北宜路5段42號
278,楓子林派出所,,,0226631285,Police,新北市石碇區豐林里楓子林32號
279,豐田派出所,,,0226631975,Police,新北市石碇區碇坪路二段22號
280,德拉楠派出所,,,0226616260,Police,新北市烏來區福山里李茂岸30號
281,哪哮派出所,,,0226616400,Police,新北市烏來區信福路11號
282,烏來分駐所,,,0226616410,Police,新北市烏來區烏來街45號
283,孝義派出所,,,0226616139,Police,新北市烏來區孝義里阿玉路2號
284,桶壁派出所,,,0226616533,Police,新北市烏來區新烏路4段23號
285,江陵派出所,,,0229112165,Police,新北市新店區民族路7號
286,屈尺派出所,,,0226667439,Police,新北市新店區屈尺路82號
287,慈福派出所,,,0229815111,Police,新北市三重區仁愛街519號
288,厚德派出所,,,0229712064,Police,新北市三重區三和路3段186號
289,長泰派出所,,,0229735094,Police,新北市三重區仁愛街15號
290,大同派出所,,,0229723261,Police,新北市三重區大同南路155號
291,三重派出所,,,0229722553,Police,新北市三重區重新路1段43號
292,二重派出所,,,0229956794,Police,新北市三重區重新路5段406號
293,大有派出所,,,0289851911,Police,新北市三重區大有里中正北路402號
294,中興橋派出所,,,0229789513,Police,新北市三重區成功路21號
295,重陽派出所,,,0282879727,Police,新北市三重區五華街369號
296,新莊分局,,,0229924034,Police,新北市新莊區里中正路150號
297,新莊派出所,,,0229924018,Police,新北市新莊區中正路1之1號
298,福營派出所,,,0229017434,Police,新北市新莊區褔營路101號
299,中港派出所,,,0229932646,Police,新北市新莊區中港路352號
300,頭前派出所,,,0229921043,Police,新北市新莊區化成路312號
301,光華派出所,,,0222022677,Police,新北市新莊區民安西路141號
302,新樹派出所,,,0222075386,Police,新北市新莊區樹新路222號
303,丹鳳派出所,,,0229083119,Police,新北市新莊區雙鳳路75號
304,中平派出所,,,0289919755,Police,新北市新莊區中平路288號
305,五工派出所,,,0222993050,Police,新北市新莊區五工路95之1號
306,昌平派出所,,,0285227625,Police,新北市新莊區富貴路111號
307,土城分局,,,0222665929,Police,新北市土城區和平路22號
308,土城派出所,,,0222656058,Police,新北市土城區和平路22號
309,清水派出所,,,0222615479,Police,新北市土城區青雲路220號
310,頂埔派出所,,,0222681220,Police,新北市土城區中央路四段102號(頂埔捷運站1號出口)
311,廣福派出所,,,0222701588,Police,新北市土城區學府路1段103號
312,金城派出所,,,0222633152,Police,新北市土城區延吉街318號
313,樹林分局,,,0226812101,Police,新北市樹林區保安街1段283號
314,三多派出所,,,0226894108,Police,新北市樹林區三福街72號
315,山佳派出所,,,0226806114,Police,新北市樹林區中山路3段38號
316,柑園派出所,,,0226801075,Police,新北市樹林區佳園路3段20號
317,樹林派出所,,,0226812034,Police,新北市樹林區鎮前街35號
318,彭厝派出所,,,0286868077,Police,新北市樹林區國凱街65號
319,淡水分局,,,0226212069,Police,新北市淡水區中正路229號
320,中山路派出所,,,0226212753,Police,新北市淡水區中正東路40號
321,中正路派出所,,,0226212752,Police,新北市淡水區中正路320號
322,水源派出所,,,0226200534,Police,新北市淡水區北新路2段19號
323,水碓派出所,,,0226212491,Police,新北市淡水區中山北路1段160號
324,竹圍派出所,,,0228092831,Police,新北市淡水區民權路32號
325,賢孝派出所,,,0228011505,Police,新北市淡水區淡金路5段72號
326,興仁派出所,,,0226236399,Police,新北市淡水區興仁路93號
327,三芝分駐所,,,0226362049,Police,新北市三芝區育英街27號
328,後厝派出所,,,0226362052,Police,新北市三芝區後厝里北勢子45之32號
329,興華派出所,,,0226371851,Police,新北市三芝區興華里田心子1號
330,汐止分局,,,0226412610,Police,新北市汐止區大同路二段459號
331,汐止派出所,,,0226412827,Police,新北市汐止區大同路二段459號
332,社后派出所,,,0226942819,Police,新北市汐止區中興路108號
333,橫科派出所,,,0226401237,Police,新北市汐止區民權街2段87號
334,烘內派出所,,,0226462564,Police,新北市汐止區汐萬路2段230號
335,東山派出所,,,0226415841,Police,新北市汐止區汐平路2段68號
336,長青派出所,,,0226451281,Police,新北市汐止區長青路188巷1之1號
337,蘆洲分局,,,0222810555,Police,新北市蘆洲區長榮路200號
338,蘆洲派出所,,,0222813358,Police,新北市蘆洲區中山二路92號
339,集賢派出所,,,0282832110,Police,新北市蘆洲區仁義里集賢路245號1樓
340,成州派出所,,,0222921296,Police,新北市五股區成泰路3段539號
341,五股分駐所,,,0222916948,Police,新北市五股區中興路4段67號
342,更寮派出所,,,0229711126,Police,新北市五股區中興路2段147號
343,德音派出所,,,0282923789,Police,新北市五股區水碓二路1號1樓
344,龍源派出所,,,0226182245,Police,新北市八里區龍米路1段225號
345,八里分駐所,,,0226101315,Police,新北市八里區訊塘路37號
346,三峽分局,,,0226738531,Police,新北市三峽區中正路1段48號
347,三峽派出所,,,0226711254,Police,新北市三峽區民權街38號
348,五寮派出所,,,0226720283,Police,新北市三峽區五寮里五寮154號
349,吉埔(含圳頭)派出所,,,0226711278,Police,新北市三峽區中正路二段451號
350,成福派出所,,,0226726097,Police,新北市三峽區成福路84號
351,插角派出所,,,0226720121,Police,新北市三峽區插角里插角67之1號
352,橫溪派出所,,,0286761762,Police,新北市三峽區介壽路3段49號
353,鳳鳴派出所,,,0226789110,Police,新北市鶯歌區鳳鳴路163號
354,湖山派出所,,,0226792474,Police,新北市鶯歌區大湖路370號
355,鶯歌分駐所,,,0226792024,Police,新北市鶯歌區中正一路195號
356,二橋派出所,,,0226781225,Police,新北市鶯歌區中正三路6號
357,北大派出所,,,0226730561,Police,新北市三峽區學成路396號
358,瑞芳分局,,,0224062602,Police,新北市瑞芳區明燈路3段25號
359,平溪分駐所,,,0224951063,Police,新北市平溪區平溪街43之1號
360,貢寮分駐所,,,0224941542,Police,新北市貢寮區朝陽街70巷7號
361,雙溪分駐所,,,0224931059,Police,新北市雙溪區太平路64號
362,瑞芳派出所,,,0224972141,Police,新北市瑞芳區明燈路3段25號
363,大寮派出所,,,0224972608,Police,新北市瑞芳區(魚桀)魚里(魚桀)魚坑路278號
364,四腳亭派出所,,,0224576947,Police,新北市瑞芳區瑞竹路124號
365,猴硐派出所,,,0224972527,Police,新北市瑞芳區九芎橋路96號
366,九份派出所,,,0224972609,Police,新北市瑞芳區豎崎路24號
367,金瓜石派出所,,,0224961528,Police,新北市瑞芳區金光路51號
368,水湳洞派出所,,,0224961529,Police,新北市瑞芳區洞頂路8號
369,瑞濱派出所,,,0224972009,Police,新北市瑞芳區建基路1段5之1號
370,鼻頭派出所,,,0224911579,Police,新北市瑞芳區鼻頭路101號
371,和美派出所,,,0224901504,Police,新北市貢寮區和美街30號
372,澳底派出所,,,0224901074,Police,新北市貢寮區延平街36號
373,福隆派出所,,,0224991541,Police,新北市貢寮區福隆街19號
374,卯澳派出所,,,0224991540,Police,新北市貢寮區福連街18號
375,吉林派出所,,,0224941534,Police,新北市貢寮區枋腳街4號
376,太平派出所,,,0224933317,Police,新北市雙溪區大平62號
377,牡丹派出所,,,0224931340,Police,新北市雙溪區牡丹里牡丹106號
378,平林派出所,,,0224931794,Police,新北市雙溪區上林里內平林47號
379,柑腳派出所,,,0224931744,Police,新北市雙溪區長源里柑腳19號
380,十分派出所,,,0224958128,Police,新北市平溪區十分街283號
381,東勢格派出所,,,0224951379,Police,新北市平溪區東勢里東勢格1號
382,金山分局,,,0224986532,Police,新北市金山區民生路65號
383,中角派出所,,,0224982136,Police,新北市金山區永興里濆水7之2號
384,金山派出所,,,0224982009,Police,新北市金山區民生路65號
385,重光派出所,,,0224080470,Police,新北市金山區重和里茅埔頭8號
386,老梅派出所,,,0226381253,Police,新北市石門區老梅里老梅路26號
387,石門分駐所,,,0226381244,Police,新北市石門區中山路64號
388,乾華派出所,,,0226381274,Police,新北市石門區草里里阿里荖14之1號
389,崁腳派出所,,,0224922740,Police,新北市萬里區崁腳路38號
390,大鵬派出所,,,0224982475,Police,新北市萬里區大鵬里加投路81號
391,野柳派出所,,,0224922510,Police,新北市萬里區野柳里港西9號
392,中心動物醫院,,,0227410443,Vet,台北市大安區仁愛路4段411之1號1樓
393,戴瑩乾動物醫院,,,0227310809,Vet,台北市大安區延吉街91號
394,富康動物醫院,,,0227020135,Vet,台北市大安區建國南路1段298號
395,上群動物醫院,,,0227753007,Vet,台北市大安區延吉街72之20號
396,五洲動物醫院,,,0227079477,Vet,台北市大安區新生南路1段137之2、137之3號
397,敦化動物醫院,,,0227080284,Vet,台北市大安區敦化南路1段279號
398,宏成動物醫院,,,0223780228,Vet,台北市大安區和平東路3段26號
399,弘吉獸醫院,,,0227410958,Vet,台北市大安區市民大道3段236及238號
400,專心動物醫院,,,0223633016,Vet,台北市大安區和平東路2段34、34之1號1樓
401,立健動物醫院,,,0227339102,Vet,台北市大安區和平東路3段255號
402,仁愛動物醫院,,,0227029165,Vet,台北市大安區仁愛路4段228之5號
403,曾安動物醫院,,,0227383248,Vet,台北市大安區通化街148號
404,台大附設動物醫院,,,0227396828,Vet,台北市大安區基隆路3段153號
405,沐恩動物醫院,,,0223660203,Vet,台北市大安區辛亥路1段86號
406,常明動物醫院,,,0227030809,Vet,台北市大安區復興南路2段322號1樓
407,澄毅動物醫院,,,0227334341,Vet,台北市大安區安和路2段171巷13號1樓
408,名人維東尼動物醫院,,,0227090123,Vet,台北市大安區建國南路1段358號
409,明誠動物醫院,,,0227086310,Vet,台北市大安區瑞安街45號1樓
410,佑仁動物醫院,,,0223635377,Vet,台北市大安區和平東路1段200號1樓
411,敦品動物醫院,,,0227070877,Vet,台北市大安區瑞安街124號
412,遠見動物醫院,,,0223775388,Vet,台北市大安區和平東路2段68號1樓
413,安庭動物醫院,,,0223923655,Vet,台北市大安區金山南路2段139號1樓
414,幸福動物醫院,,,0227005277,Vet,台北市大安區延吉街251號1樓
415,聖地牙哥動物醫院,,,0223643458,Vet,台北市大安區羅斯福路3段65號3樓之1
416,碩聯動物醫院,,,0227366549,Vet,台北市大安區復興南路2段342之1號1樓
417,極光動物醫院,,,0227848211,Vet,台北市大安區建國南路2段31號
418,愛貓園動物醫院,,,0227392966,Vet,台北市大安區基隆路2段124號
419,麟安動物醫院,,,0227383008,Vet,台北市大安區和平東路3段324號
420,王樣動物醫院,,,0223570217,Vet,台北市大安區金華街217號
421,杜克動物醫院,,,0287324789,Vet,台北市大安區和平東路3段117號1樓及2樓
422,貓醫生的貓診所,,,0227715810,Vet,台北市大安區忠孝東路3段194號2樓之1
423,寵樂動物醫院,,,0227087967,Vet,台北市大安區文昌街89號
424,見安獸醫院,,,0227070989,Vet,台北市大安區四維路170巷45號
425,心傳動物醫院,,,0227555568,Vet,台北市大安區和平東路2段339號
426,亞洲獸醫專科醫院,,,0227383288,Vet,台北市大安區安和路2段171巷5號1樓
427,小王子貓專科醫院,,,0227061297,Vet,台北市大安區建國南路2段197號
428,樂膚莉動物醫院,,,0227846866,Vet,台北市大安區仁愛路3段82號
429,樂田動物醫院,,,0227785580,Vet,台北市大安區建國南路1段161號1樓
430,毛派樂動物醫院,,,0237076711,Vet,台北市大安區建國南路2段151巷47號1樓
431,萊特動物醫院,,,0223658628,Vet,台北市大安區辛亥路1段50號
432,左岸動物醫院大安院,,,0223650580,Vet,台北市大安區羅斯福路3段331號
433,弘安動物醫院,,,0225045630,Vet,台北市中山區五常街69號
434,大晶動物醫院,,,0225970625,Vet,台北市中山區農安街72號
435,龍江獸醫院,,,0227722223,Vet,台北市中山區龍江路21巷1號1樓
436,仁慈動物醫院,,,0225336983,Vet,台北市中山區北安路458巷19號
437,美加璦動物醫院,,,0225054989,Vet,台北市中山區龍江路443巷1之2號
438,廣慈動物醫院,,,0225044236,Vet,台北市中山區錦州街371號
439,興安動物醫院,,,0225048179,Vet,台北市中山區興安街89號
440,成功動物醫院,,,0225218001,Vet,台北市中山區天祥路3號1樓
441,復生動物醫院,,,0225643940,Vet,台北市中山區民生東路1段78號1樓
442,諾亞動物醫院,,,0225642121,Vet,台北市中山區吉林路166號
443,東宏動物醫院,,,0225957366,Vet,台北市中山區吉林路432號
444,華遠動物醫院,,,0227131187,Vet,台北市中山區長春路336號1樓
445,米亞動物醫院,,,0225923556,Vet,台北市中山區民權東路2段57號1樓
446,惟新動物醫院,,,0285023725,Vet,台北市中山區明水路672巷34號
447,恩典動物醫院,,,0225314545,Vet,台北市中山區民生東路2段45號1、2樓
448,小小貓動物醫院,,,0225337529,Vet,台北市中山區朱崙街91號1樓
449,101台北貓醫院,,,0225091101,Vet,台北市中山區建國北路3段101號1樓
450,貝恩動物醫院,,,0225015814,Vet,台北市中山區民權東路3段8號之1
451,太僕動物醫院,,,0225170902,Vet,台北市中山區龍江路260號1樓
452,大直動物醫院,,,0285096306,Vet,台北市中山區北安路468號
453,伊甸動物醫院,,,0285092579,Vet,台北市中山區北安路554巷33號1樓
454,紀劃犬貓專科醫院,,,0225212205,Vet,台北市中山區民生東路1段83號
455,長宏動物醫院,,,0225678939,Vet,台北市中山區吉林路173號1樓
456,小王子動物醫院,,,0225676897,Vet,台北市中山區松江路26巷32號
457,吉林動物醫院,,,0225642010,Vet,台北市中山區吉林路121之1號
458,吉米犬貓專科醫院,,,0225855991,Vet,台北市中山區林森北路649號
459,文藝動物醫院,,,0225317261,Vet,台北市中山區民生東路1段87號B1
460,德心動物醫院,,,0225045355,Vet,台北市中山區八德路2段121號
461,路米動物醫院,,,0225163328,Vet,台北市中山區民生東路3段28號1樓
462,沐沐特寵動物醫院,,,0277137707,Vet,台北市中山區龍江路78號
463,以立動物醫院,,,0277288028,Vet,台北市中山區敬業一路38號
464,凱揚動物醫院,,,0227512218,Vet,台北市中山區八德路2段331號
465,集英動物醫院,,,0277136111,Vet,台北市中山區長安東路1段61之1號
466,小王子動物醫院長安分院,,,0225221097,Vet,台北市中山區長安東路2段12號1樓
467,安晴動物醫院,,,0225217758,Vet,台北市中山區林森北路506號
468,皇合動物醫院,,,0225183325,Vet,台北市中山區建國北路3段121號1樓
469,禾芮犬貓專科醫院,,,0285011267,Vet,台北市中山區明水路692號
470,萌醫生動物醫院,,,0227513018,Vet,台北市中山區長安東路2段108號4樓之1
471,歐歐妮動物醫院,,,0285091366,Vet,台北市中山區北安路627號
472,中正犬貓醫院,,,0223054880,Vet,台北市中正區重慶南路3段60之4號2樓
473,來旺動物醫院,,,0223051120,Vet,台北市中正區重慶南路3段50號
474,佑昇動物醫院,,,0223656729,Vet,台北市中正區羅斯福路3段38號
475,台灣動物醫院,,,0223412128,Vet,台北市中正區忠孝東路2段74號
476,古亭動物醫院,,,0223693373,Vet,台北市中正區羅斯福路2段138號
477,恩孺動物診所,,,0223942821,Vet,台北市中正區金山南路1段92號
478,瀚生動物醫院,,,0223581765,Vet,台北市中正區新生南路1段144之1號1樓
479,博愛動物醫院,,,0233938850,Vet,台北市中正區杭州南路2段92號1樓
480,寶寶新動物醫院,,,0223677624,Vet,台北市中正區南昌路1段39號
481,康廷動物醫院,,,0223095001,Vet,台北市中正區和平西路2段58之1號1樓
482,享家動物醫院,,,0905060603,Vet,台北市中正區牯嶺街臨15之1號
483,大安動物醫院,,,0223632020,Vet,台北市中正區羅斯福路4段162號1樓
484,綠洲動物醫院,,,0223912220,Vet,台北市中正區北平東路16號1樓
485,安安動物醫院,,,0227281315,Vet,台北市信義區松德路57號
486,陽光動物醫院,,,0227279922,Vet,台北市信義區林口街222號1樓
487,名冠動物醫院,,,0227590447,Vet,台北市信義區中坡南路207號
488,文逸動物醫院,,,0227322254,Vet,台北市信義區和平東路3段391巷8弄27號
489,豐德動物醫院,,,0227588292,Vet,台北市信義區莊敬路235號
490,欣旺動物醫院,,,0227617985,Vet,台北市信義區松山路265號1樓
491,玉山動物醫院,,,0223466659,Vet,台北市信義區信義路6段37號
492,愛心動物醫院,,,0223451633,Vet,台北市信義區光復南路563號1樓
493,崇安動物醫院,,,0227276027,Vet,台北市信義區中坡南路62號
494,大愛動物醫院,,,0287805116,Vet,台北市信義區松德路74號
495,恩加動物醫院,,,0287877551,Vet,台北市信義區松山路315之2號1樓
496,詠欣動物醫院,,,0227202631,Vet,台北市信義區莊敬路428號1樓
497,欣欣動物醫院,,,0227681119,Vet,台北市信義區松隆路286之1號
498,安興動物醫院,,,0227584351,Vet,台北市信義區吳興街478號1樓
499,松山動物醫院,,,0227673322,Vet,台北市信義區松山路275號
500,星辰動物醫院,,,0227611199,Vet,台北市信義區松隆路225號1樓
501,沐樂動物醫院,,,0227699899,Vet,台北市信義區忠孝東路4段559巷30號
502,永春動物醫院,,,0287898849,Vet,台北市信義區忠孝東路5段424號1樓
503,和動物醫院,,,0907232272,Vet,台北市信義區基隆路1段115號1樓
504,星光動物醫院,,,0227582738,Vet,台北市信義區莊敬路325巷23號
505,白牙動物醫院,,,0227653690,Vet,台北市信義區永吉路117號
506,橡果動物醫院,,,0227272121,Vet,台北市信義區林口街228號1樓
507,西湖動物醫院,,,0227990700,Vet,台北市內湖區內湖路1段341之2號
508,佳欣動物醫院,,,0227946126,Vet,台北市內湖區內湖路2段383號
509,港墘動物醫院,,,0226575990,Vet,台北市內湖區港墘路109之2號
510,內湖動物醫院,,,0227992011,Vet,台北市內湖區內湖路1段45號
511,東湖動物醫院,,,0226346622,Vet,台北市內湖區東湖路43巷15號1樓
512,全安動物醫院,,,0226336995,Vet,台北市內湖區東湖路113巷54號
513,康泰動物醫院,,,0226313068,Vet,台北市內湖區康樂街164之1號
514,健生動物醫院,,,0227910198,Vet,台北市內湖區成功路4段182巷8弄4號
515,德安動物醫院,,,0226582478,Vet,台北市內湖區內湖路1段611號
516,勝利動物醫院,,,0226327815,Vet,台北市內湖區康樂街116之2號1樓
517,長慶動物醫院,,,0226331257,Vet,台北市內湖區東湖路7巷7號1樓
518,加洲動物醫院,,,0227987942,Vet,台北市內湖區文德路9號
519,大湖動物醫院,,,0227968241,Vet,台北市內湖區成功路5段10號
520,佳恩動物醫院,,,0227941290,Vet,台北市內湖區成功路4段311號1樓
521,宇恒動物醫院,,,0227951676,Vet,台北市內湖區民權東路6段57號
522,亞馬森特寵專科醫院,,,0287923248,Vet,台北市內湖區內湖路2段39之2號1樓
523,納嘉動物醫院,,,0226330555,Vet,台北市內湖區成功路5段55號
524,維康動物醫院,,,0227937293,Vet,台北市內湖區成功路3段150號
525,全國動物醫院台北分院,,,0287918706,Vet,台北市內湖區舊宗路1段30巷13號1樓
526,角落動物醫院,,,0227926858,Vet,台北市內湖區金湖路22號
527,樂沛動物醫院,,,0227909218,Vet,台北市內湖區成功路4段368號
528,興沛動物醫院,,,0227977553,Vet,台北市內湖區內湖路1段91巷32號1樓
529,核心動物醫院,,,0287910059,Vet,台北市內湖區舊宗路1段50號
530,艾美動物醫院台北總院,,,0226580768,Vet,台北市內湖區港墘路107號1樓
531,默墨犬貓專科醫院,,,0979288648,Vet,台北市內湖區成功路3段83之1號1樓
532,利昂動物醫院,,,0227975507,Vet,台北市內湖區文德路217號1樓
533,光點犬貓專科醫院,,,0227900180,Vet,台北市內湖區內湖路2段468號1樓
534,湖光動物醫院,,,0228966079,Vet,台北市北投區大業路631號
535,大同動物醫院,,,0228959607,Vet,台北市北投區中央北路2段112號
536,旺旺動物醫院,,,0228203693,Vet,台北市北投區東華街2段2號
537,百威動物醫院,,,0228910951,Vet,台北市北投區中和街288號
538,北投動物醫院,,,0228968406,Vet,台北市北投區中央北路2段60之1號
539,和欣動物醫院,,,0228973439,Vet,台北市北投區雙全街7號
540,全民動物醫院北投分院,,,0228939752,Vet,台北市北投區懷德街6之3號
541,豐茂動物醫院,,,0228210824,Vet,台北市北投區中正街75號1樓
542,明德動物醫院,,,0228239018,Vet,台北市北投區明德路115號
543,中英動物醫院,,,0228936119,Vet,台北市北投區中央北路1段149、151號
544,加生動物醫院,,,0228207218,Vet,台北市北投區石牌路1段95號1樓
545,丹堤動物醫院,,,0255865668,Vet,台北市北投區知行路208之2號1樓
546,杜瑪動物醫院,,,0228977779,Vet,台北市北投區大業路541號1樓
547,劍橋動物醫院,,,0288665889,Vet,台北市北投區石牌路2段332之1號1樓
548,禾亞動物醫院,,,0228986072,Vet,台北市北投區北投路2段19號1樓
549,萬達動物醫院,,,0228210585,Vet,台北市北投區義理街18號1樓
550,聯合家畜醫院,,,0228282117,Vet,台北市北投區裕民一路40巷29號
551,洪生動物醫院,,,0227833715,Vet,台北市南港區忠孝東路7段571號1樓
552,啟正動物醫院,,,0226517616,Vet,台北市南港區南港路1段289號之1
553,中研動物醫院,,,0226512100,Vet,台北市南港區研究院路1段72號
554,維恩動物醫院,,,0226515527,Vet,台北市南港區東新街132號1樓
555,祐熙動物醫院,,,0226519198,Vet,台北市南港區玉成街66之26號
556,純粹動物醫院,,,0227830673,Vet,台北市南港區興中路80巷24號
557,小布動物醫院,,,0226547337,Vet,台北市南港區永吉路548號
558,亞各特殊寵物醫院,,,0226533636,Vet,台北市南港區研究院路1段101巷12號1樓
559,天母家畜醫院,,,0228746381,Vet,台北市士林區中山北路6段431之3號1樓
560,中興動物醫院,,,0228113970,Vet,台北市士林區延平北路6段245號
561,信達犬貓專科醫院,,,0228812150,Vet,台北市士林區華齡街22巷15弄5號
562,士林獸醫院,,,0228822193,Vet,台北市士林區中正路379號
563,陽明家畜醫院,,,0228726911,Vet,台北市士林區天母東路1之6號
564,忠誠獸醫院,,,0228351390,Vet,台北市士林區文林路734號
565,楊動物醫院,,,0228717261,Vet,台北市士林區中山北路6段368號
566,唯安動物醫院,,,0228851695,Vet,台北市士林區承德路4段18號
567,厚德動物醫院,,,0228831716,Vet,台北市士林區華齡街54號
568,社子動物醫院,,,0228165355,Vet,台北市士林區延平北路5段191號
569,福臨動物醫院,,,0228836500,Vet,台北市士林區中山北路5段519號1樓
570,劉動物醫院,,,0228365679,Vet,台北市士林區德行東路269號
571,昌展動物醫院,,,0228169197,Vet,台北市士林區延平北路6段160號1樓
572,汎亞動物醫院,,,0228861610,Vet,台北市士林區承德路4段53號1樓
573,溫莎動物醫院,,,0228345969,Vet,台北市士林區德行東路83號1樓
574,微笑動物醫院,,,0228730728,Vet,台北市士林區中山北路7段163號1樓
575,芝山動物醫院,,,0228328385,Vet,台北市士林區文林路762之2號
576,世東動物醫院,,,0228712529,Vet,台北市士林區士東路39號
577,大業動物醫院,,,0228107070,Vet,台北市士林區延平北路5段314號
578,台愛動物醫院,,,0288115729,Vet,台北市士林區中正路629號
579,阿牛犬貓急診醫院,,,0228810478,Vet,台北市士林區基河路238號1樓
580,尼古拉動物醫院,,,0228323386,Vet,台北市士林區克強路23號
581,查米動物醫院,,,0228316759,Vet,台北市士林區忠誠路2段70巷4號
582,布達羊急診動物醫院,,,0228341119,Vet,台北市士林區忠誠路1段102號1樓
583,萊恩動物醫院,,,0228882468,Vet,台北市士林區承德路4段294號1樓
584,大眾家畜醫院,,,0225861518,Vet,台北市大同區重慶北路3段51號
585,凡賽爾賽鴿寵物鳥醫院,,,0225869933,Vet,台北市大同區民族西路53號
586,晨光動物醫院,,,0225583347,Vet,台北市大同區重慶北路2段47號1樓
587,正安動物醫院,,,0225571757,Vet,台北市大同區民權西路240號
588,全民連鎖動物醫院總院,,,0225530371,Vet,台北市大同區民生西路247、249號1樓
589,皇家動物醫院,,,0225960967,Vet,台北市大同區民族西路228號
590,弘愛犬貓專科醫院,,,0225503892,Vet,台北市大同區民生西路105號1樓
591,永新動物醫院,,,0225982889,Vet,台北市大同區重慶北路3段185號1樓
592,傑翔動物醫院,,,0225573343,Vet,台北市大同區民權西路270之2號
593,長沁動物醫院,,,0225992119,Vet,台北市大同區承德路3段9號1樓
594,慈愛動物醫院寧夏分院,,,0225563320,Vet,台北市大同區寧夏路1號1、3樓
595,不萊梅特殊寵物專科醫院,,,0225993907,Vet,台北市大同區民權西路227號及237之8號1樓
596,旺竹動物醫院,,,0225996230,Vet,台北市大同區承德路3段142號
597,牧光特殊寵物專科醫院,,,0225926590,Vet,台北市大同區民族西路65號
598,長青動物醫院急診科分院,,,0225591793,Vet,台北市大同區長安西路289之1號
599,景美動物醫院,,,0229310850,Vet,台北市文山區羅斯福路6段6號
600,維拉動物醫院,,,0229333872,Vet,台北市文山區興隆路1段94號
601,世安動物醫院,,,0222306841,Vet,台北市文山區興隆路3段298之2號
602,加恩動物醫院,,,0222360117,Vet,台北市文山區木柵路1段102號
603,再興動物醫院,,,0229342899,Vet,台北市文山區興隆路1段1號
604,木新動物醫院,,,0229362748,Vet,台北市文山區木新路3段133之2號
605,自強動物醫院,,,0229372852,Vet,台北市文山區興隆路4段108號
606,靜心動物醫院,,,0229330562,Vet,台北市文山區興隆路2段13號
607,正吉動物醫院,,,0229347505,Vet,台北市文山區羅斯福路5段47之1號
608,康禾動物醫院,,,0229374998,Vet,台北市文山區興隆路4段159號之1
609,安心動物醫院,,,0229326935,Vet,台北市文山區羅斯福路5段17號
610,路加動物醫院,,,0255852108,Vet,台北市文山區興隆路2段187號1樓
611,亞太動物醫院,,,0229300005,Vet,台北市文山區景福街244號1樓及地下1樓
612,達仁動物醫院,,,0229371558,Vet,台北市文山區木柵路2段133號
613,大群動物醫院,,,0229305557,Vet,台北市文山區羅斯福路6段136號1樓
614,品安動物醫院,,,0229359188,Vet,台北市文山區羅斯福路6段89號1樓
615,景文動物醫院,,,0289319955,Vet,台北市文山區景文街29號
616,景興動物醫院,,,0229330600,Vet,台北市文山區景華街92號1樓
617,締爾動物醫院,,,0229388211,Vet,台北市文山區樟新街11之1及11之2號
618,朱動物醫院,,,0229332880,Vet,台北市文山區仙岩路62號1樓
619,南京太僕動物醫院,,,0227562005,Vet,台北市松山區南京東路5段286號
620,復興動物醫院,,,0227711414,Vet,台北市松山區八德路2段381號
621,澤禾動物醫院,,,0227616267,Vet,台北市松山區健康路256號1樓
622,日健動物綜合醫院,,,0225707508,Vet,台北市松山區光復北路6之2號
623,全陽犬貓專科醫院,,,0227627945,Vet,台北市松山區八德路4段305號1樓
624,中山動物醫院,,,0227196996,Vet,台北市松山區民權東路3段140巷5號
625,良醫動物醫院,,,0227615091,Vet,台北市松山區八德路4段188號
626,泰山動物醫院,,,0225792650,Vet,台北市松山區光復南路52號
627,興泰動物醫院,,,0225795722,Vet,台北市松山區延吉街57號
628,人人愛動物醫院,,,0225778182,Vet,台北市松山區延吉街46之3號
629,曼哈頓動物醫院,,,0227815203,Vet,台北市松山區市民大道4段77號
630,台北動物醫院,,,0227176036,Vet,台北市松山區光復北路164號1樓
631,台欣動物醫院,,,0225285119,Vet,台北市松山區健康路187號
632,豐盛動物醫院,,,0225785605,Vet,台北市松山區光復北路46號
633,嘉慶動物醫院,,,0287879121,Vet,台北市松山區八德路4段214之1號1樓
634,恩亞動物醫院,,,0227678889,Vet,台北市松山區健康路325巷14號1樓
635,新亞動物醫院,,,0227457119,Vet,台北市松山區延壽街330巷3號1樓
636,隆記動物醫院,,,0227607639,Vet,台北市松山區民生東路5段212巷1號1樓
637,澄諾動物醫院,,,0227653160,Vet,台北市松山區富錦街461號
638,安家行動寵物醫院,,,0227667900,Vet,台北市松山區八德路4段666號4樓之3
639,貓瘋非營利慈善貓專科醫院,,,0229103877,Vet,台北市松山區八德路4段216號
640,寵博健康動物醫院,,,0287683086,Vet,台北市松山區三民路108號之21
641,保全獸醫院,,,0223024375,Vet,台北市萬華區西藏路326號
642,環南動物醫院,,,0223020109,Vet,台北市萬華區和平西路3段205號
643,萬華動物醫院,,,0223614831,Vet,台北市萬華區昆明街165號
644,康寧動物醫院,,,0223831528,Vet,台北市萬華區長沙街2段157號
645,雙園動物醫院,,,0223084409,Vet,台北市萬華區西園路2段105號
646,長青動物醫院,,,0223369908,Vet,台北市萬華區廣州街78、78之1號1、2樓
647,艋舺動物醫院,,,0223010365,Vet,台北市萬華區萬大路365號
648,志誠動物醫院,,,0223056634,Vet,台北市萬華區萬大路536號
649,翊心動物醫院,,,0223055518,Vet,台北市萬華區西園路2段175號
650,展望動物醫院,,,0223880122,Vet,台北市萬華區中華路2段2號
651,華中動物醫院,,,0223328572,Vet,台北市萬華區萬大路227號1樓
652,古德動物醫院,,,0223088986,Vet,台北市萬華區西園路2段194號
653,寶血動物醫院,,,0223880110,Vet,台北市萬華區中華路2段6號
654,外星變形貓動物醫院,,,0223020575,Vet,台北市萬華區南寧路1號
655,達達動物醫院,,,0226268818,Vet,新北市淡水區中山北路一段207巷37弄7號
656,錫安動物醫院,,,0226210052,Vet,新北市淡水區新市一路三段180號
657,淡水動物醫院,,,0226217987,Vet,新北市淡水區中山路159之2號
658,聖愛動物醫院,,,0226223824,Vet,新北市淡水區中正東路6號
659,上哲動物醫院,,,0226225750,Vet,新北市淡水區學府路4號
660,黃動物醫院,,,0226297384,Vet,新北市淡水區北新路31號
661,哲生動物醫院,,,0228092293,Vet,新北市淡水區民族路29巷40號1樓
662,上哲動物醫院沙崙店,,,0228055534,Vet,新北市淡水區沙崙路6號
663,德艾動物醫院,,,0228085190,Vet,新北市淡水區民生路8號
664,唯仁動物醫院,,,0228082446,Vet,新北市淡水區中正東路二段121號
665,芯安動物醫院,,,0228086596,Vet,新北市淡水區民族路33-7號
666,麗園動物醫院-八里分院,,,0286302502,Vet,新北市八里區中山路二段421號
667,達特蘇動物醫院,,,0226087725,Vet,新北市林口區南勢街322號
668,林口動物醫院,,,0226018364,Vet,新北市林口區中正路496號1樓
669,佳林動物醫院,,,0226014638,Vet,新北市林口區竹林路60號
670,寶護動物醫院,,,0286012219,Vet,新北市林口區中山路281號1樓
671,麗園動物醫院,,,0226000989,Vet,新北市林口區文化一路一段119號
672,懷恩動物醫院,,,0286018432,Vet,新北市林口區中山路235號
673,日祥動物醫院,,,0226011780,Vet,新北市林口區中正路380號
674,臺大健弘動物醫院,,,0226003851,Vet,新北市林口區民族路6號
675,上弦動物醫院,,,0277538597,Vet,新北市林口區忠福路129號
676,仁喆動物醫院,,,0286012172,Vet,新北市林口區仁愛路二段172號
677,奇奇動物醫院,,,0226002216,Vet,新北市林口區文化三路一段437號
678,艾樂動物醫院,,,0226090138,Vet,新北市林口區文化三路一段103號
679,太陽動物醫院,,,0226069183,Vet,新北市林口區文化三路二段87號
680,蓮心動物醫院,,,0282958237,Vet,新北市五股區工商路40號1樓
681,愛寶動物醫院,,,0282952268,Vet,新北市五股區中興路4段49號
682,五股動物醫院,,,0222926568,Vet,新北市五股區民儀路一段34號
683,東憲動物醫院,,,0282860264,Vet,新北市蘆洲區長樂路36號
684,信安家畜醫院,,,0228479181,Vet,新北市蘆洲區中正路142號
685,大寶動物醫院,,,0222831005,Vet,新北市蘆洲區市信義路235巷2號
686,忠正動物醫院,,,0228489283,Vet,新北市蘆洲區中正路277號
687,雅旺動物醫院,,,0228480148,Vet,新北市蘆洲區民族路522號
688,家福動物醫院,,,0222822332,Vet,新北市蘆洲區光華路157號
689,增安動物醫院,,,0282850255,Vet,新北市蘆洲區中山一路169號
690,愛樺動物醫院,,,0222850093,Vet,新北市蘆洲區民族路60號
691,嘉安犬貓醫院,,,0228480806,Vet,新北市蘆洲區三民路169號
692,佑欣動物醫院,,,0282831299,Vet,新北市蘆洲區光榮路66巷1號
693,蘆洲動物醫院,,,0222859117,Vet,新北市蘆洲區中山二路8號1樓
694,伊娃動物醫院,,,0222850288,Vet,新北市蘆洲區永平街32巷12弄18號
695,德興動物醫院,,,0228480240,Vet,新北市蘆洲區長安街62號
696,胖皮動物醫院,,,0282854848,Vet,新北市蘆洲區復興路174號
697,布魯斯動物醫院,,,0282858600,Vet,新北市蘆洲區重陽街68號1樓
698,星宇動物醫院,,,0282860066,Vet,新北市蘆洲區長榮路256號1樓
699,鷺江動物醫院,,,0282850115,Vet,新北市蘆洲區中正路209號
700,泰林動物醫院,,,0229090833,Vet,新北市泰山區泰林路2段204號
701,台大開心動物醫院,,,0222965821,Vet,新北市泰山區明志路路一段317號
702,藍世界泰山動物醫院,,,0229098138,Vet,新北市泰山區新北大道五段236號
703,茂生獸醫院,,,0229757666,Vet,新北市三重區重新路1段62號
704,宏昇家畜醫院,,,0229838983,Vet,新北市三重區正義北路307號1樓
705,正新動物醫院,,,0229881808,Vet,新北市三重區重新路3段87號
706,嘉興動物醫院,,,0229860239,Vet,新北市三重區忠孝路1段24號
707,佳佳家畜醫院,,,0229719531,Vet,新北市三重區重陽路1段20巷4號1樓
708,民生動物醫院,,,0229808154,Vet,新北市三重區正義北路296號
709,三和動物醫院,,,0222803059,Vet,新北市三重區三和路4段215巷13號1樓
710,家麒獸醫院,,,0222807675,Vet,新北市三重區力行路2段145號
711,瑞展獸醫院,,,0229877835,Vet,新北市三重區重陽路4段8號
712,翰林獸醫院,,,0229890089,Vet,新北市三重區三民街130號
713,集賢愛生動物醫院,,,0282875849,Vet,新北市三重區集賢路42號
714,吉立動物醫院,,,0229846306,Vet,新北市三重區中正北路10號1樓
715,青青動物醫院,,,0229835687,Vet,新北市三重區重新路3段31-3號1樓
716,愛生動物醫院,,,0229804982,Vet,新北市三重區自強路四段107號
717,提姆沃克動物醫院,,,0289829291,Vet,新北市三重區中正北路23號1樓
718,迦勒動物醫院,,,0229747741,Vet,新北市三重區中正南路114號
719,德欣動物醫院,,,0229738657,Vet,新北市三重區信義街4號
720,毛孩子動物醫院,,,0229774887,Vet,新北市三重區福德北路71號
721,重安動物醫院,,,0229899503,Vet,新北市三重區三和路三段20號
722,??加動物醫院,,,0229792232,Vet,新北市三重區重新路四段20號1樓
723,頑皮動物醫院,,,0228573578,Vet,新北市三重區溪尾街376號
724,小森林動物醫院,,,0282872913,Vet,新北市三重區集英路68號
725,宏誠動物醫院,,,0229710123,Vet,新北市三重區捷運路33號
726,鶯歌獸醫院,,,0226782718,Vet,新北市鶯歌區文化路383號
727,旭安動物醫院,,,0226795662,Vet,新北市鶯歌區中山路125號
728,鶯歌奇緣動物醫院,,,0226792243,Vet,新北市鶯歌區光明街24號
729,藍世界鶯歌動物醫院,,,0286777408,Vet,新北市鶯歌區鶯桃路496號
730,王獸醫院,,,0226822089,Vet,新北市樹林區鎮前街97巷4號
731,永發獸醫院,,,0226835698,Vet,新北市樹林區樹新路35號
732,五星獸醫院,,,0226833959,Vet,新北市樹林區保安街一段96號
733,山佳動物醫院,,,0226687542,Vet,新北市樹林區中山路3段77號
734,慈輝動物醫院,,,0226811198,Vet,新北市樹林區鎮前街144號
735,展鵬獸醫院,,,0226880439,Vet,新北市樹林區中正路757號
736,馥御動物醫院,,,0226811324,Vet,新北市樹林區中山路1段201號
737,家德動物醫院,,,0226811860,Vet,新北市樹林區文化街100號
738,愛欣動物醫院,,,0226875556,Vet,新北市樹林區樹德街5號
739,狄強生生技動物醫院,,,0286871447,Vet,新北市樹林區樹德街136巷16號1樓
740,昇昇動物醫院,,,0289702975,Vet,新北市樹林區大雅路370號
741,藍世界動物醫院-樹林分院,,,0226765787,Vet,新北市樹林區中正路506號
742,威爾頓動物醫院,,,0226800378,Vet,新北市樹林區大有路35號1樓
743,愛友家畜醫院,,,0222013218,Vet,新北市新莊區中正路427之2號
744,多多動物醫院,,,0229044415,Vet,新北市新莊區中正路783號
745,新泰動物醫院,,,0222769427,Vet,新北市新莊區新泰路402號
746,宏明動物醫院,,,0229988577,Vet,新北市新莊區中港路398號
747,丘原動物醫院,,,0229934631,Vet,新北市新莊區公園路160號
748,杏福動物醫院,,,0222779099,Vet,新北市新莊區幸福路73號
749,山盟動物醫院,,,0222775160,Vet,新北市新莊區復興路2段90號
750,永吉家畜醫院,,,0229944940,Vet,新北市新莊區新泰路158號
751,佳護動物醫院,,,0289917815,Vet,新北市新莊區福壽街212號
752,牧平動物醫院,,,0289927273,Vet,新北市新莊區公園路122號
753,全祐獸醫院,,,0229016220,Vet,新北市新莊區壽山路4號
754,恆揚獸醫院,,,0229931610,Vet,新北市新莊區幸福路904號
755,聖安動物醫院,,,0222776711,Vet,新北市新莊區中港路256號1樓
756,杰輝動物醫院,,,0222012881,Vet,新北市新莊區西盛街159號
757,榮星獸醫院,,,0222058674,Vet,新北市新莊區南港里四維路4號1樓
758,護生動物醫院,,,0229972812,Vet,新北市新莊區中和街93號
759,銘德動物醫院,,,0222043333,Vet,新北市新莊區後港一路14號
760,快樂動物醫院,,,0229088772,Vet,新北市新莊區福營路242號1樓
761,同心動物醫院,,,0289924900,Vet,新北市新莊區新泰路474號1樓
762,建安動物醫院,,,0282016943,Vet,新北市新莊區建安街105號
763,新莊太僕動物醫院,,,0229089070,Vet,新北市新莊區中正路853號
764,守護動物醫院,,,0229047859,Vet,新北市新莊區中正路891-32號
765,魏大夫動物醫院,,,0229920578,Vet,新北市新莊區中原東路57號1樓
766,舍享動物醫院,,,0229685116,Vet,新北市板橋區林園街22號1樓
767,板橋動物醫院,,,0222523218,Vet,新北市板橋區文化路2段522號
768,富安家畜醫院,,,0222513076,Vet,新北市板橋區文化路2段335號
769,後埔獸醫院,,,0229678864,Vet,新北市板橋區館前西路156之1號
770,牧村動物醫院,,,0289511172,Vet,新北市板橋區民生路2段50號
771,金妞妞動物醫院,,,0229698780,Vet,新北市板橋區民權路232號
772,佳安動物醫院,,,0229511301,Vet,新北市板橋區四川路1段234號
773,維安動物醫院,,,0222563107,Vet,新北市板橋區四維路174之3號
774,祐康動物醫院,,,0222581755,Vet,新北市板橋區文化路1段140號
775,台大動物醫院,,,0222580809,Vet,新北市板橋區文化路2段11號
776,台安動物醫院,,,0229622560,Vet,新北市板橋區三民路2段204-2號
777,中信動物醫院,,,0229573534,Vet,新北市板橋區信義路188號
778,尚德動物醫院,,,0229650238,Vet,新北市板橋區南雅西路2段9號
779,嘉棋動物醫院,,,0289662551,Vet,新北市板橋區四川路2段115號
780,聖博獸醫院,,,0229571352,Vet,新北市板橋區重慶路299號1樓
781,隆安動物醫院,,,0289533055,Vet,新北市板橋區忠孝路79號
782,板新動物醫院,,,0229695866,Vet,新北市板橋區中正路332之11號1樓
783,躍生動物醫院,,,0289681075,Vet,新北市板橋區民權路258之2號1樓
784,雙十動物醫院,,,0222502000,Vet,新北市板橋區雙十路2段4號1樓
785,五洲獸醫院,,,0229687110,Vet,新北市板橋區民權路250號
786,亞麥動物醫院,,,0222724481,Vet,新北市板橋區國光路77號1樓
787,邁德氏賽鴿專科醫院,,,0289512330,Vet,新北市板橋區海山路11號1樓
788,台大文仁動物醫院,,,0226833122,Vet,新北市板橋區篤行路3段64號1樓
789,紐約紐約動物醫院,,,0222501636,Vet,新北市板橋區文化路二段139號
790,沐愛動物醫院,,,0229602233,Vet,新北市板橋區國光路166號
791,吉恩動物醫院,,,0222579596,Vet,新北市板橋區華江一路596號
792,新橋動物醫院,,,0282526333,Vet,新北市板橋區四維路226號
793,曙光動物醫院,,,0229529000,Vet,新北市板橋區中山路一段309號
794,展翔動物醫院,,,0289650318,Vet,新北市板橋區南雅西路二段97號1樓
795,亞東動物醫院,,,0222218515,Vet,新北市中和區中正路639號
796,康寶動物醫院,,,0222455686,Vet,新北市中和區中興街130號
797,長榮動物醫院,,,0229414760,Vet,新北市中和區景平路380號
798,協和獸醫院,,,0229401781,Vet,新北市中和區景平路167號
799,王朋動物醫院,,,0222480624,Vet,新北市中和區連城路72號
800,寵愛家畜醫院,,,0222214527,Vet,新北市中和區連城路409號
801,景新動物醫院,,,0229475505,Vet,新北市中和區景新街473號
802,名星動物醫院,,,0222451691,Vet,新北市中和區景平路591號
803,員山動物醫院,,,0222234519,Vet,新北市中和區中山路2段577號
804,和生動物醫院,,,0222432166,Vet,新北市中和區連城路273號
805,承大動物醫院,,,0222239440,Vet,新北市中和區連城路563之1號
806,近易動物醫院,,,0282287360,Vet,新北市中和區連城路428巷6弄9號
807,五信動物醫院,,,0222218798,Vet,新北市中和區連城路358號1樓
808,左岸動物醫院,,,0282453639,Vet,新北市中和區福祥路129號
809,福林動物醫院,,,0222442478,Vet,新北市中和區中安街230號1及2樓
810,中日動物醫院,,,0222263639,Vet,新北市中和區中山路3段2號1樓
811,明佳動物醫院,,,0229433709,Vet,新北市中和區宜安路125號
812,真正動物醫院,,,0229489666,Vet,新北市中和區安平路200-1號
813,來來動物醫院,,,0289539739,Vet,新北市中和區德光路29號
814,全國動物醫院-環球分院,,,0277312991,Vet,新北市中和區中山路三段122號
815,上品動物醫院,,,0222455852,Vet,新北市中和區中山路二段167號
816,杏運草動物醫院,,,0222436963,Vet,新北市中和區景平路489號
817,南勢角動物醫院,,,0286689920,Vet,新北市中和區捷運路20號1樓
818,依努動物醫院,,,0229436696,Vet,新北市中和區安平路56號1樓
819,先鋒家畜診所,,,0222660150,Vet,新北市土城區立德路26號
820,弘恩動物醫院,,,0222708397,Vet,新北市土城區延平街80號
821,山群動物醫院,,,0222611148,Vet,新北市土城區金城路3段135號
822,王動物醫院,,,0222675407,Vet,新北市土城區中央路3段141之7號
823,佳生動物醫院,,,0222700825,Vet,新北市土城區學府路一段60號
824,福德獸醫院,,,0222739256,Vet,新北市土城區中央路一段228號1樓
825,大慶動物醫院,,,0222661075,Vet,新北市土城區中華路1段22號
826,全家動物醫院,,,0222661143,Vet,新北市土城區中央路1段63號
827,慈濟動物醫院,,,0222612260,Vet,新北市土城區學成路100號1樓
828,可麗兒動物醫院,,,0222606861,Vet,新北市土城區中央路二段20之1號1樓
829,安星動物醫院,,,0282621687,Vet,新北市土城區中央路二段8號
830,大曜動物醫院,,,0282602323,Vet,新北市土城區學成路46號
831,永和獸醫院,,,0229284079,Vet,新北市永和區永和路2段336號
832,吉利動物醫院,,,0229280986,Vet,新北市永和區永貞路108號
833,中盟動物醫院,,,0229410466,Vet,新北市永和區中正路113號
834,皮皮動物醫院,,,0229201952,Vet,新北市永和區中山路1段259號
835,慶生動物醫院,,,0229425141,Vet,新北市永和區得和路261號
836,中山家畜醫院,,,0229241658,Vet,新北市永和區中山路1段29號
837,金華動物醫院,,,0229212141,Vet,新北市永和區永和路2段342號1樓
838,延吉動物醫院,,,0229201883,Vet,新北市永和區永貞路82號
839,泰安動物醫院,,,0286608932,Vet,新北市永和區永貞路83號1樓
840,仁心動物醫院,,,0222408865,Vet,新北市永和區南華路60號
841,竹林動物醫院,,,0289267681,Vet,新北市永和區竹林路133-2號1樓
842,同安動物醫院,,,0232334027,Vet,新北市永和區中山路1段233號1樓
843,成蹊動物醫院,,,0286608594,Vet,新北市永和區中正路474號
844,同伴動物醫院,,,0229295098,Vet,新北市永和區福和路316-1號
845,晶華動物醫院,,,0222124664,Vet,新北市永和區中正路185號2樓
846,樂活動物醫院,,,0229225805,Vet,新北市永和區中興街107號1樓
847,雙和動物醫院,,,0229466633,Vet,新北市永和區中正路196號
848,全國動物醫院-永和分院,,,0289231148,Vet,新北市永和區永貞路175號
849,慈恩動物醫院,,,0232335195,Vet,新北市永和區永利路142號
850,豆皮動物醫院,,,0282317050,Vet,新北市永和區中正路279號
851,小野菊動物醫院,,,0226732730,Vet,新北市三峽區學府路32號
852,林動物診所,,,0226712389,Vet,新北市三峽區秀川街4號
853,長明動物醫院,,,0226725400,Vet,新北市三峽區復興路83號
854,淯生動物醫院,,,0226739191,Vet,新北市三峽區復興路36之1號
855,北大奇緣動物醫院,,,0226716119,Vet,新北市三峽區民生街2-2號
856,伯特利動物醫院,,,0286723030,Vet,新北市三峽區大義路191號
857,強生動物醫院,,,0222192055,Vet,新北市新店區中正路392號
858,誠恩動物醫院,,,0229101354,Vet,新北市新店區民族路32號
859,永康動物醫院,,,0229127025,Vet,新北市新店區北新路1段171號
860,弘安獸醫院,,,0229119199,Vet,新北市新店區北新路3段146號
861,來安動物醫院,,,0222118890,Vet,新北市新店區安康路2段115之1號
862,康和動物醫院,,,0229181850,Vet,新北市新店區中正路429號
863,高登動物醫院,,,0229130397,Vet,新北市新店區三民路106號
864,新店獸醫院,,,0229111193,Vet,新北市新店區環河路15號
865,安康動物醫院,,,0222119881,Vet,新北市新店區安成街42-1號
866,耕莘動物醫院,,,0229100995,Vet,新北市新店區光明街157號1樓
867,惠安犬貓醫院,,,0229142518,Vet,新北市新店區北新路2段94號1樓
868,中友犬貓專科醫院,,,0229153597,Vet,新北市新店區中正路19號
869,康爾維動物醫院,,,0286669595,Vet,新北市新店區安康路二段308號
870,剛果動物醫院,,,0286655702,Vet,新北市新店區中興路三段259號
871,愛達司動物醫院,,,0289147888,Vet,新北市新店區中興路一段261號
872,明匯動物醫院,,,0282151631,Vet,新北市新店區安祥路104-7號
873,原典動物醫院,,,0222181855,Vet,新北市新店區中央五街12號
874,深坑動物醫院,,,0226643865,Vet,新北市深坑區北深路2段82號
875,愛馨動物醫院,,,0224978928,Vet,新北市瑞芳區一坑路32-3號1樓
876,惠明獸醫院,,,0226416977,Vet,新北市汐止區大同路2段434號
877,國泰動物醫院,,,0226480866,Vet,新北市汐止區大同路2段284號
878,范獸醫院,,,0226413276,Vet,新北市汐止區大同路2段518號
879,宏昕動物醫院,,,0226923288,Vet,新北市汐止區明峰街129之1號
880,嘉德動物醫院,,,0226934809,Vet,新北市汐止區福德一路206巷1號
881,貝斯特動物醫院,,,0286923655,Vet,新北市汐止區新台五路2段28號
882,尚虹動物醫院,,,0286934743,Vet,新北市汐止區康寧街455號1樓
883,眾新動物醫院,,,0226431960,Vet,新北市汐止區新興路8號
884,新北動物醫院,,,0226487669,Vet,新北市汐止區大同路2段456號1樓
885,智遇動物醫院,,,0226955119,Vet,新北市汐止區明峰街39號
886,寵愛一生動物醫院,,,0226415589,Vet,新北市汐止區忠孝東路266號1樓
887,猩猩狐狸動物醫院,,,0286462773,Vet,新北市汐止區仁愛路319號
888,臺北市松山區公所,,,0287878787,DistOﬀice,臺北市松山區八德路4段692號8樓
889,臺北市信義區公所,,,0227239777,DistOﬀice,臺北市信義區信義路5段15號6樓
890,臺北巿大安區公所,,,0223511711,DistOﬀice,臺北市大安區新生南路2段86號9樓
891,臺北市中山區公所,,,0225031369,DistOﬀice,臺北市中山區松江路367號6樓
892,臺北市中正區公所,,,0223416721,DistOﬀice,臺北市中正區忠孝東路1段108號8樓
893,臺北市大同區公所,,,0225975323,DistOﬀice,臺北市大同區昌吉街57號4樓
894,臺北市萬華區公所,,,0223064468,DistOﬀice,臺北市萬華區和平西路3段120號11樓
895,臺北市文山區公所,,,0229365522,DistOﬀice,臺北市文山區木柵路3段220號8樓
896,臺北市南港區公所,,,0227831343,DistOﬀice,臺北市南港區南港路1段360號8樓
897,臺北市內湖區公所,,,0227925828,DistOﬀice,臺北市內湖區民權東路6段99號4樓
898,臺北市士林區公所,,,0228826200,DistOﬀice,臺北市士林區中正路439號8樓
899,臺北市北投區公所,,,0228912105,DistOﬀice,臺北市北投區新市街30號4樓
900,新北市板橋區公所,,,0229686911,DistOﬀice,新北市板橋區府中路30號
901,新北市三重區公所,,,0229862345,DistOﬀice,新北市三重區新北大道一段11號
902,新北市中和區公所,,,0222482688,DistOﬀice,新北市中和區景平路634-2號
903,新北市永和區公所,,,0229282828,DistOﬀice,新北市永和區竹林路200號
904,新北市新莊區公所,,,0229929891,DistOﬀice,新北市新莊區中正路176號
905,新北市新店區公所,,,0229112281,DistOﬀice,新北市新店區北新路二段128號5樓
906,新北市土城區公所,,,0222732000,DistOﬀice,新北市土城區金城路一段101號
907,新北市蘆洲區公所,,,0222811484,DistOﬀice,新北市蘆洲區三民路95號
908,新北市汐止區公所,,,0226411111,DistOﬀice,新北市汐止區新台五路一段268號
909,新北市樹林區公所,,,0226812106,DistOﬀice,新北市樹林區鎮前街93號
910,新北市鶯歌區公所,,,0226780202,DistOﬀice,新北市鶯歌區仁愛路55號
911,新北市三峽區公所,,,0226711017,DistOﬀice,新北市三峽區中山路17號
912,新北市淡水區公所,,,0226221020,DistOﬀice,新北市淡水區中山北路2段375號
913,新北市瑞芳區公所,,,0224972250,DistOﬀice,新北市瑞芳區逢甲路82號
914,新北市五股區公所,,,0222916051,DistOﬀice,新北市五股區中興路四段50號
915,新北市泰山區公所,,,0229099551,DistOﬀice,新北市泰山區明志路一段322號
916,新北市林口區公所,,,0226033111,DistOﬀice,新北市林口區仁愛路一段378號
917,新北市八里區公所,,,0226102621,DistOﬀice,新北市八里區八里大道18號
918,新北市深坑區公所,,,0226623116,DistOﬀice,新北市深坑區深坑街10號
919,新北市石碇區公所,,,0226631080,DistOﬀice,新北市石碇區潭邊里碇坪路1段37號
920,新北市坪林區公所,,,0226657251,DistOﬀice,新北市坪林區坪林里坪林街101號
921,新北市三芝區公所,,,0226362111,DistOﬀice,新北市三芝區中山路一段32號
922,新北市石門區公所,,,0226381721,DistOﬀice,新北市石門區尖鹿里中山路66號
923,新北市金山區公所,,,0224985965,DistOﬀice,新北市金山區金美里中正路11號
924,新北市萬里區公所,,,0224922064,DistOﬀice,新北市萬里區瑪鋉路123號
925,新北市平溪區公所,,,0224951510,DistOﬀice,新北市平溪區平溪里平溪街45號
926,新北市雙溪區公所,,,0224931111,DistOﬀice,新北市雙溪區共和里東榮街25號
927,新北市貢寮區公所,,,0224941601,DistOﬀice,新北市貢寮區貢寮里朝陽街54號
928,新北市烏來區公所,,,0226616442,DistOﬀice,新北市烏來區新烏路五段111號
929,中華民國保護動物協會,,,0227040809,AnimalProtGroup,台北市大安區信義路四段263號3樓之6
930,中華民國關懷生命協會,,,0225420959,AnimalProtGroup,台北市中山區民生東路2段120號3樓
931,社團法人高雄市關懷流浪動物協會,,,075226699,AnimalProtGroup,高雄市鼓山區中華一路369號
932,社團法人台灣動物協會,,,0286014196,AnimalProtGroup,新北市林口區頂福里五鄰頂福20-18號
933,照生會貓狗119,,,0939119995,AnimalProtGroup,新北市鶯歌區鶯桃路39-6號
934,動物緊急救援協會,,,0900776658,AnimalProtGroup,新北市三芝區北11鄉道
935,台灣愛貓協會,,,0985128641,AnimalProtGroup,台北市大安區信義路四段214號4樓之1
936,社團法人台灣防止虐待動物協會,,,0227382130,AnimalProtGroup,台北市大安區和平東路三段346巷2-1號1樓
937,臺北市動物保護處,,,0287897158,AnimalProtGroup,臺北市信義區吳興街600巷109號
938,臺北市動物之家,,,0287913254,AnimalProtGroup,臺北市內湖區安美街191號
939,新北市政府動物保護防疫處,,,0229596353,AnimalProtGroup,新北市板橋區四川路一段157巷2號